id,address
0,Sven.Flecha@gastech.com.kronos
1,Isak.Baza@gastech.com.kronos
2,Lucas.Alcazar@gastech.com.kronos
3,Kanon.Herrero@gastech.com.kronos
4,Felix.Resumir@gastech.com.kronos
5,Hideki.Cocinaro@gastech.com.kronos
6,Inga.Ferro@gastech.com.kronos
7,Varja.Lagos@gastech.com.kronos
8,Stenig.Fusil@gastech.com.kronos
9,Hennie.Osvaldo@gastech.com.kronos
10,Isia.Vann@gastech.com.kronos
11,Edvard.Vann@gastech.com.kronos
12,Loreto.Bodrogi@gastech.com.kronos
13,Bertrand.Ovan@gastech.com.kronos
14,Emile.Arpa@gastech.com.kronos
15,Varro.Awelon@gastech.com.kronos
16,Dante.Coginian@gastech.com.kronos
17,Albina.Hafon@gastech.com.kronos
18,Benito.Hawelon@gastech.com.kronos
19,Claudio.Hawelon@gastech.com.kronos
20,Henk.Mies@gastech.com.kronos
21,Valeria.Morlun@gastech.com.kronos
22,Adan.Morlun@gastech.com.kronos
23,Cecilia.Morluniau@gastech.com.kronos
24,Irene.Nant@gastech.com.kronos
25,Dylan.Scozzese@gastech.com.kronos
26,Mat.Bramar@gastech.com.kronos
27,Rachel.Pantanal@gastech.com.kronos
28,Lars.Azada@gastech.com.kronos
29,Felix.Balas@gastech.com.kronos
30,Isande.Borrasca@gastech.com.kronos
31,Axel.Calzas@gastech.com.kronos
32,Gustav.Cazar@gastech.com.kronos
33,Lidelse.Dedos@gastech.com.kronos
34,Birgitta.Frente@gastech.com.kronos
35,Vira.Frente@gastech.com.kronos
36,Adra.Nubarron@gastech.com.kronos
37,Marin.Onda@gastech.com.kronos
38,Kare.Orilla@gastech.com.kronos
39,Elsa.Orilla@gastech.com.kronos
40,Brand.Tempestad@gastech.com.kronos
41,Ingrid.Barranco@gastech.com.kronos
42,Ada.Campo-Corrente@gastech.com.kronos
43,Sten.Sanjorge Jr.@gastech.com.kronos
44,Orhan.Strum@gastech.com.kronos
45,Willem.Vasco-Pais@gastech.com.kronos
46,Linnea.Bergen@gastech.com.kronos
47,Nils.Calixto@gastech.com.kronos
48,Minke.Mies@gastech.com.kronos
49,Carla.Forluniau@gastech.com.kronos
50,Linda.Lagos@gastech.com.kronos
51,Cornelia.Lais@gastech.com.kronos
52,Ruscella.Mies.Haber@gastech.com.kronos
53,Anda.Ribera@gastech.com.kronos
54,Sten.Sanjorge Jr.@gastech.com.tethys
