id,time,content
0,1/6/2014 8:39,GT-SeismicProcessorPro Bug Report
1,1/6/2014 8:58,Inspection request for site
2,1/6/2014 9:28,New refueling policies - Effective February 1
3,1/6/2014 9:38,Route suggestion for next shift
4,1/6/2014 9:49,Upcoming birthdays
5,1/6/2014 10:01,Don't text and drive!
6,1/6/2014 10:25,Service anniversary
7,1/6/2014 10:28,Patrol schedule changes
8,1/6/2014 10:35,Wellhead flow rate data
9,1/6/2014 10:43,RE: GT-SeismicProcessorPro Bug Report
10,1/6/2014 10:50,RE: GT-SeismicProcessorPro Bug Report
11,1/6/2014 11:00,RE: Upcoming birthdays
12,1/6/2014 11:04,Plants
13,1/6/2014 11:16,RE: Upcoming birthdays
14,1/6/2014 11:23,GT-SeismicProcessorPro Bug Report
15,1/6/2014 11:34,RE: GT-SeismicProcessorPro Bug Report
16,1/6/2014 11:40,RE: GT-SeismicProcessorPro Bug Report
17,1/6/2014 11:53,IPO
18,1/6/2014 12:05,Craft night
19,1/6/2014 12:05,RE: GT-SeismicProcessorPro Bug Report
20,1/6/2014 12:15,RE: Plants
21,1/6/2014 12:15,Wellhead flow rate data
22,1/6/2014 12:21,RE: Wellhead flow rate data
23,1/6/2014 12:28,RE: Service anniversary
24,1/6/2014 12:28,RE: Service anniversary
25,1/6/2014 12:30,RE: New refueling policies - Effective February 1
26,1/6/2014 12:34,RE: GT-SeismicProcessorPro Bug Report
27,1/6/2014 12:36,RE: Wellhead flow rate data
28,1/6/2014 12:37,RE: Wellhead flow rate data
29,1/6/2014 12:39,RE: Wellhead flow rate data
30,1/6/2014 12:44,RE: Patrol schedule changes
31,1/6/2014 12:48,RE: Plants
32,1/6/2014 12:56,RE: IPO
33,1/6/2014 13:01,Favor - borrow hedge trimmer
34,1/6/2014 13:05,RE: IPO
35,1/6/2014 13:07,RE: New refueling policies - Effective February 1
36,1/6/2014 13:08,RE: Inspection request for site
37,1/6/2014 13:14,Facilities preparations for VIP visit
38,1/6/2014 13:16,RE: Wellhead flow rate data
39,1/6/2014 13:21,RE: Plants
40,1/6/2014 13:23,RE: Wellhead flow rate data
41,1/6/2014 13:24,Question - Protocol for VIP visit
42,1/6/2014 13:26,RE: Plants
43,1/6/2014 13:29,RE: Craft night
44,1/6/2014 13:35,Route suggestion for next shift
45,1/6/2014 13:42,Concert tickets
46,1/6/2014 13:48,RE: Craft night
47,1/6/2014 13:49,RE: Favor - borrow hedge trimmer
48,1/6/2014 13:54,Supplies
49,1/6/2014 13:59,RE: Favor - borrow hedge trimmer
50,1/6/2014 13:59,RE: New refueling policies - Effective February 1
51,1/6/2014 14:01,RE: Don't text and drive!
52,1/6/2014 14:05,Congratulations on your service anniversary
53,1/6/2014 14:16,RE: GT-SeismicProcessorPro Bug Report
54,1/6/2014 14:19,RE: IPO
55,1/6/2014 14:19,RE: New refueling policies - Effective February 1
56,1/6/2014 14:22,Meeting
57,1/6/2014 14:23,RE: New refueling policies - Effective February 1
58,1/6/2014 14:26,RE: Route suggestion for next shift
59,1/6/2014 14:28,RE: GT-SeismicProcessorPro Bug Report
60,1/6/2014 14:30,RE: Wellhead flow rate data
61,1/6/2014 14:33,RE: Route suggestion for next shift
62,1/6/2014 14:38,RE: Craft night
63,1/6/2014 14:43,Wellhead flow rate data
64,1/6/2014 14:53,RE: Craft night
65,1/6/2014 14:57,RE: IPO
66,1/6/2014 15:04,RE: Concert tickets
67,1/6/2014 15:05,Late for meeting
68,1/6/2014 15:11,RE: GT-SeismicProcessorPro Bug Report
69,1/6/2014 15:14,Are you buying coffee?
70,1/6/2014 15:17,RE: Supplies
71,1/6/2014 15:27,RE: Supplies
72,1/6/2014 15:30,RE: Craft night
73,1/6/2014 15:42,All staff announcement
74,1/6/2014 15:54,"Good morning, GasTech!"
75,1/6/2014 15:58,RE: Congratulations on your service anniversary
76,1/6/2014 16:21,RE: Wellhead flow rate data
77,1/6/2014 16:31,RE: Meeting
78,1/6/2014 16:37,RE: Meeting
79,1/6/2014 16:38,RE: Facilities preparations for VIP visit
80,1/6/2014 16:39,RE: Late for meeting
81,1/6/2014 16:39,RE: Route suggestion for next shift
82,1/6/2014 16:44,RE: Question - Protocol for VIP visit
83,1/6/2014 16:53,RE: Late for meeting
84,1/6/2014 16:55,RE: Congratulations on your service anniversary
85,1/6/2014 16:55,RE: Route suggestion for next shift
86,1/6/2014 17:07,RE: Late for meeting
87,1/6/2014 17:10,RE: Late for meeting
88,1/6/2014 17:34,RE: Are you buying coffee?
89,1/6/2014 17:52,RE: Route suggestion for next shift
90,1/6/2014 17:56,RE: Wellhead flow rate data
91,1/6/2014 17:57,RE: Route suggestion for next shift
92,1/6/2014 18:01,RE: Route suggestion for next shift
93,1/6/2014 18:08,RE: Facilities preparations for VIP visit
94,1/7/2014 8:27,Service anniversaries!
95,1/7/2014 8:46,Traffic advisory for today
96,1/7/2014 8:53,List of repairs needed
97,1/7/2014 8:59,GT-SeismicProcessorPro Bug Report
98,1/7/2014 9:34,"Hey, I�m going home sick."
99,1/7/2014 9:35,RE: GT-SeismicProcessorPro Bug Report
100,1/7/2014 9:59,RE: GT-SeismicProcessorPro Bug Report
101,1/7/2014 10:00,Dress for success - Dress to impress
102,1/7/2014 10:06,Files
103,1/7/2014 10:06,This weekend?
104,1/7/2014 10:32,Late for meeting
105,1/7/2014 10:34,"Works for me, thanks"
106,1/7/2014 10:34,RE: GT-SeismicProcessorPro Bug Report
107,1/7/2014 10:35,Daily morning announcements
108,1/7/2014 10:45,GT-SeismicProcessorPro Bug Report
109,1/7/2014 10:48,Karoake night
110,1/7/2014 11:05,RE: GT-SeismicProcessorPro Bug Report
111,1/7/2014 11:08,"RE: Hey, I�m going home sick."
112,1/7/2014 11:12,Downhole prediction 2522-00
113,1/7/2014 11:14,I�m in! -  post a list
114,1/7/2014 11:18,RE: Files
115,1/7/2014 11:19,RE: Traffic advisory for today
116,1/7/2014 11:21,RE: List of repairs needed
117,1/7/2014 11:22,RE: Service anniversaries!
118,1/7/2014 11:26,RE: List of repairs needed
119,1/7/2014 11:30,RE: Traffic advisory for today
120,1/7/2014 11:37,Traffic advisory for today
121,1/7/2014 11:47,RE: GT-SeismicProcessorPro Bug Report
122,1/7/2014 11:49,RE: GT-SeismicProcessorPro Bug Report
123,1/7/2014 11:51,"RE: Hey, I�m going home sick."
124,1/7/2014 11:53,RE: Late for meeting
125,1/7/2014 11:55,Document stuck
126,1/7/2014 12:01,"RE: Hey, I�m going home sick."
127,1/7/2014 12:05,RE: Late for meeting
128,1/7/2014 12:07,RE: Late for meeting
129,1/7/2014 12:09,RE: List of repairs needed
130,1/7/2014 12:17,RE: Files
131,1/7/2014 12:18,RE: Traffic advisory for today
132,1/7/2014 12:25,RE: Traffic advisory for today
133,1/7/2014 12:29,RE: Dress for success - Dress to impress
134,1/7/2014 12:30,GT-SeismicProcessorPro Bug Report
135,1/7/2014 12:30,RE: Service anniversaries!
136,1/7/2014 12:31,Yearly numbers looking good
137,1/7/2014 12:34,RE: I�m in! -  post a list
138,1/7/2014 12:37,RE: I�m in! -  post a list
139,1/7/2014 12:37,No hurry
140,1/7/2014 12:40,RE: Traffic advisory for today
141,1/7/2014 12:47,RE: Downhole prediction 2522-00
142,1/7/2014 13:00,Wellhead flow rate data - overpressure at well 1783-03?
143,1/7/2014 13:03,Catering?!?
144,1/7/2014 13:05,GT-SeismicProcessorPro Bug Report
145,1/7/2014 13:06,RE: Dress for success - Dress to impress
146,1/7/2014 13:08,RE: Downhole prediction 2522-00
147,1/7/2014 13:16,Resolution of incident
148,1/7/2014 13:18,RE: Dress for success - Dress to impress
149,1/7/2014 13:19,RE: Yearly numbers looking good
150,1/7/2014 13:21,RE: I�m in! -  post a list
151,1/7/2014 13:26,RE: Wellhead flow rate data - overpressure at well 1783-03?
152,1/7/2014 13:31,RE: Wellhead flow rate data - overpressure at well 1783-03?
153,1/7/2014 13:35,Well 1033-01 stabilization progress report
154,1/7/2014 13:35,Downhole prediction 2522-00 - check your parameters
155,1/7/2014 13:37,RE: Dress for success - Dress to impress
156,1/7/2014 13:42,RE: Yearly numbers looking good
157,1/7/2014 13:48,Plants
158,1/7/2014 13:48,RE: Traffic advisory for today
159,1/7/2014 13:51,RE: Wellhead flow rate data - overpressure at well 1783-03?
160,1/7/2014 13:54,RE: Yearly numbers looking good
161,1/7/2014 14:07,List of repairs needed
162,1/7/2014 14:10,RE: Yearly numbers looking good
163,1/7/2014 14:12,Mandatory safety training
164,1/7/2014 14:19,RE: Downhole prediction 2522-00
165,1/7/2014 14:21,Can someone cover for me next week?
166,1/7/2014 14:21,Too funy - you have to see this...
167,1/7/2014 14:22,RE: No hurry
168,1/7/2014 14:22,RE: GT-SeismicProcessorPro Bug Report
169,1/7/2014 14:25,Planning for staff picnic
170,1/7/2014 14:33,RE: No hurry
171,1/7/2014 14:35,Need a ride to lunch later
172,1/7/2014 14:46,RE: No hurry
173,1/7/2014 14:47,GT-SeismicProcessorPro Bug Report
174,1/7/2014 14:50,RE: Document stuck
175,1/7/2014 14:52,RE: GT-SeismicProcessorPro Bug Report
176,1/7/2014 14:57,RE: Well 1033-01 stabilization progress report
177,1/7/2014 14:59,RE: Traffic advisory for today
178,1/7/2014 15:03,RE: Yearly numbers looking good
179,1/7/2014 15:08,RE: Downhole prediction 2522-00 - check your parameters
180,1/7/2014 15:09,Money for coffee fund
181,1/7/2014 15:13,RE: Traffic advisory for today
182,1/7/2014 15:20,RE: GT-SeismicProcessorPro Bug Report
183,1/7/2014 15:29,RE: Downhole prediction 2522-00 - check your parameters
184,1/7/2014 15:31,RE: Resolution of incident
185,1/7/2014 15:32,RE: Traffic advisory for today
186,1/7/2014 15:33,RE: Resolution of incident
187,1/7/2014 15:39,RE: Need a ride to lunch later
188,1/7/2014 15:41,RE: Resolution of incident
189,1/7/2014 15:42,RE: Wellhead flow rate data - overpressure at well 1783-03?
190,1/7/2014 15:47,RE: Wellhead flow rate data - overpressure at well 1783-03?
191,1/7/2014 15:50,Be Careful!
192,1/7/2014 15:50,Safety First!
193,1/7/2014 15:51,RE: GT-SeismicProcessorPro Bug Report
194,1/7/2014 15:51,RE: Wellhead flow rate data - overpressure at well 1783-03?
195,1/7/2014 15:52,RE: GT-SeismicProcessorPro Bug Report
196,1/7/2014 16:00,RE: List of repairs needed
197,1/7/2014 16:02,RE: Traffic advisory for today
198,1/7/2014 16:04,RE: GT-SeismicProcessorPro Bug Report
199,1/7/2014 16:08,RE: Planning for staff picnic
200,1/7/2014 16:10,RE: Catering?!?
201,1/7/2014 16:15,RE: Planning for staff picnic
202,1/7/2014 16:18,RE: Resolution of incident
203,1/7/2014 16:18,Caution downtown
204,1/7/2014 16:21,RE: Downhole prediction 2522-00 - check your parameters
205,1/7/2014 16:29,RE: Catering?!?
206,1/7/2014 16:39,RE: Catering?!?
207,1/7/2014 16:48,RE: GT-SeismicProcessorPro Bug Report
208,1/7/2014 16:51,RE: Planning for staff picnic
209,1/7/2014 16:52,RE: Need a ride to lunch later
210,1/7/2014 16:54,RE: GT-SeismicProcessorPro Bug Report
211,1/7/2014 17:00,RE: GT-SeismicProcessorPro Bug Report
212,1/7/2014 17:02,RE: Planning for staff picnic
213,1/7/2014 17:08,RE: GT-SeismicProcessorPro Bug Report
214,1/7/2014 17:09,RE: GT-SeismicProcessorPro Bug Report
215,1/7/2014 17:19,RE: Can someone cover for me next week?
216,1/7/2014 17:22,RE: Money for coffee fund
217,1/7/2014 17:22,RE: Resolution of incident
218,1/7/2014 17:23,RE: GT-SeismicProcessorPro Bug Report
219,1/7/2014 17:26,RE: Catering?!?
220,1/7/2014 17:28,RE: Can someone cover for me next week?
221,1/7/2014 17:28,RE: GT-SeismicProcessorPro Bug Report
222,1/7/2014 17:33,RE: Catering?!?
223,1/7/2014 17:34,RE: Money for coffee fund
224,1/7/2014 17:41,RE: GT-SeismicProcessorPro Bug Report
225,1/7/2014 17:42,RE: List of repairs needed
226,1/7/2014 17:57,RE: Money for coffee fund
227,1/7/2014 18:07,RE: GT-SeismicProcessorPro Bug Report
228,1/7/2014 18:11,RE: Be Careful!
229,1/7/2014 18:31,RE: Caution downtown
230,1/7/2014 18:53,RE: Be Careful!
231,1/7/2014 18:58,RE: Caution downtown
232,1/7/2014 18:59,RE: Money for coffee fund
233,1/7/2014 19:14,RE: Caution downtown
234,1/7/2014 20:17,RE: Too funy - you have to see this...
235,1/8/2014 8:23,Impact of Kronos politics on upcoming rollout
236,1/8/2014 8:25,No hurry
237,1/8/2014 8:49,Staff still leaving computers unlocked when they leave at the day
238,1/8/2014 9:00,Babysitting recommendations
239,1/8/2014 9:17,Union meeting
240,1/8/2014 9:19,RE: Impact of Kronos politics on upcoming rollout
241,1/8/2014 9:39,Downhole prediction 2522-00 - updated
242,1/8/2014 9:42,RE: Impact of Kronos politics on upcoming rollout
243,1/8/2014 9:43,Who�s tracking the office pool
244,1/8/2014 9:48,Anyone have a spare monitor?
245,1/8/2014 9:53,Supplies
246,1/8/2014 9:54,RE: Impact of Kronos politics on upcoming rollout
247,1/8/2014 10:12,Paid holiday reminders
248,1/8/2014 10:13,Suggest topics for upcoming retreat
249,1/8/2014 10:25,RE: Impact of Kronos politics on upcoming rollout
250,1/8/2014 10:53,Vistors from Tethys
251,1/8/2014 10:59,RE: Suggest topics for upcoming retreat
252,1/8/2014 11:02,RE: Impact of Kronos politics on upcoming rollout
253,1/8/2014 11:31,Awwww- cute!
254,1/8/2014 11:32,RE: Union meeting
255,1/8/2014 11:35,RE: Vistors from Tethys
256,1/8/2014 11:44,RE: Anyone have a spare monitor?
257,1/8/2014 11:45,RE: Impact of Kronos politics on upcoming rollout
258,1/8/2014 11:49,Question - new travel forms
259,1/8/2014 11:50,RE: Union meeting
260,1/8/2014 11:53,RE: Suggest topics for upcoming retreat
261,1/8/2014 11:53,RE: Impact of Kronos politics on upcoming rollout
262,1/8/2014 11:58,Caution downtown
263,1/8/2014 12:05,RE: Anyone have a spare monitor?
264,1/8/2014 12:06,RE: Anyone have a spare monitor?
265,1/8/2014 12:08,RE: Staff still leaving computers unlocked when they leave at the day
266,1/8/2014 12:16,RE: Babysitting recommendations
267,1/8/2014 12:21,RE: Staff still leaving computers unlocked when they leave at the day
268,1/8/2014 12:25,RE: Union meeting
269,1/8/2014 12:29,RE: Who�s tracking the office pool
270,1/8/2014 12:37,RE: Union meeting
271,1/8/2014 12:44,RE: Suggest topics for upcoming retreat
272,1/8/2014 12:52,RE: Vistors from Tethys
273,1/8/2014 12:57,RE: Downhole prediction 2522-00 - updated
274,1/8/2014 12:58,RE: Suggest topics for upcoming retreat
275,1/8/2014 13:06,RE: Who�s tracking the office pool
276,1/8/2014 13:07,RE: Who�s tracking the office pool
277,1/8/2014 13:10,RE: Who�s tracking the office pool
278,1/8/2014 13:17,RE: Awwww- cute!
279,1/8/2014 13:22,Parking lottery winners
280,1/8/2014 13:26,RE: Babysitting recommendations
281,1/8/2014 13:50,RE: Anyone have a spare monitor?
282,1/8/2014 13:57,Vacation donation request
283,1/8/2014 14:07,RE: Vistors from Tethys
284,1/8/2014 14:12,RE: Union meeting
285,1/8/2014 14:14,RE: Awwww- cute!
286,1/8/2014 14:18,RE: Question - new travel forms
287,1/8/2014 14:28,"Good morning, GasTech!"
288,1/8/2014 14:36,RE: Babysitting recommendations
289,1/8/2014 14:40,Notification of outside visit
290,1/8/2014 14:57,RE: Awwww- cute!
291,1/8/2014 15:00,RE: Downhole prediction 2522-00 - updated
292,1/8/2014 15:09,RE: Caution downtown
293,1/8/2014 15:10,Does anyone have ...
294,1/8/2014 15:31,RE: Question - new travel forms
295,1/8/2014 15:31,RE: Parking lottery winners
296,1/8/2014 15:36,RE: Caution downtown
297,1/8/2014 15:41,New refueling policies - Effective February 1
298,1/8/2014 15:53,Field work rotation schedule
299,1/8/2014 15:55,Don't text and drive!
300,1/8/2014 16:10,GT website under attack
301,1/8/2014 16:13,RE: Question - new travel forms
302,1/8/2014 16:27,Question about behavior of field device
303,1/8/2014 16:28,RE: GT website under attack
304,1/8/2014 16:34,RE: Caution downtown
305,1/8/2014 16:48,RE: Caution downtown
306,1/8/2014 16:48,RE: Notification of outside visit
307,1/8/2014 16:48,RE: Caution downtown
308,1/8/2014 17:02,RE: Notification of outside visit
309,1/8/2014 17:02,RE: New refueling policies - Effective February 1
310,1/8/2014 17:06,RE: Vacation donation request
311,1/8/2014 17:17,RE: New refueling policies - Effective February 1
312,1/8/2014 17:18,RE: New refueling policies - Effective February 1
313,1/8/2014 17:26,RE: Does anyone have ...
314,1/8/2014 17:35,RE: Notification of outside visit
315,1/8/2014 18:18,RE: Vacation donation request
316,1/8/2014 18:22,RE: Vacation donation request
317,1/8/2014 18:28,RE: Does anyone have ...
318,1/8/2014 18:53,RE: New refueling policies - Effective February 1
319,1/8/2014 19:01,RE: Field work rotation schedule
320,1/8/2014 19:15,RE: Question about behavior of field device
321,1/8/2014 19:15,RE: Don't text and drive!
322,1/8/2014 19:22,RE: Don't text and drive!
323,1/8/2014 19:42,RE: New refueling policies - Effective February 1
324,1/8/2014 19:48,RE: Field work rotation schedule
325,1/8/2014 19:54,RE: Don't text and drive!
326,1/8/2014 19:56,RE: Field work rotation schedule
327,1/8/2014 20:02,RE: Does anyone have ...
328,1/8/2014 20:22,RE: Field work rotation schedule
329,1/8/2014 20:52,RE: Field work rotation schedule
330,1/8/2014 20:53,RE: Field work rotation schedule
331,1/8/2014 21:04,RE: Question about behavior of field device
332,1/8/2014 21:09,RE: Question about behavior of field device
333,1/8/2014 21:18,RE: Field work rotation schedule
334,1/9/2014 8:41,Funny!!
335,1/9/2014 9:51,Impact of local politics on profit margin
336,1/9/2014 10:12,RE: Funny!!
337,1/9/2014 10:21,"Good morning, GasTech!"
338,1/9/2014 10:23,Can anyone swap on-call slots with me?
339,1/9/2014 10:49,Security patches needed
340,1/9/2014 10:50,RE: Funny!!
341,1/9/2014 11:14,Congratulations on your service anniversary
342,1/9/2014 11:25,RE: Impact of local politics on profit margin
343,1/9/2014 11:31,Tools
344,1/9/2014 11:36,Union meeting
345,1/9/2014 11:37,Security procedures for January 20 VIP visit
346,1/9/2014 11:41,RE: Impact of local politics on profit margin
347,1/9/2014 11:42,RE: Impact of local politics on profit margin
348,1/9/2014 11:47,RE: Funny!!
349,1/9/2014 11:51,Awwww- cute!
350,1/9/2014 12:24,RE: Funny!!
351,1/9/2014 12:33,RE: Security patches needed
352,1/9/2014 12:36,RE: Funny!!
353,1/9/2014 12:48,Document stuck
354,1/9/2014 12:49,RE: Security patches needed
355,1/9/2014 12:57,RE: Security patches needed
356,1/9/2014 12:58,RE: Tools
357,1/9/2014 13:02,Field work rotation schedule
358,1/9/2014 13:02,You never get a second chance to make a first impression
359,1/9/2014 13:05,RE: Can anyone swap on-call slots with me?
360,1/9/2014 13:10,Software review report
361,1/9/2014 13:11,RE: Impact of local politics on profit margin
362,1/9/2014 13:15,RE: Tools
363,1/9/2014 13:19,Remember Casino night!
364,1/9/2014 13:31,RE: Impact of local politics on profit margin
365,1/9/2014 13:38,Files
366,1/9/2014 13:45,RE: Security patches needed
367,1/9/2014 13:49,RE: Impact of local politics on profit margin
368,1/9/2014 13:50,RE: Security patches needed
369,1/9/2014 14:03,RE: Software review report
370,1/9/2014 14:05,RE: Files
371,1/9/2014 14:12,Security update: how to handle reporters on the grounds
372,1/9/2014 14:17,RE: Tools
373,1/9/2014 14:18,RE: Field work rotation schedule
374,1/9/2014 14:22,GIS update
375,1/9/2014 14:27,RE: Tools
376,1/9/2014 14:28,RE: Security patches needed
377,1/9/2014 14:29,RE: Files
378,1/9/2014 14:32,RE: Field work rotation schedule
379,1/9/2014 14:34,RE: Union meeting
380,1/9/2014 14:36,RE: Awwww- cute!
381,1/9/2014 14:38,RE: Document stuck
382,1/9/2014 14:39,Facilities preparations for VIP visit
383,1/9/2014 14:49,RE: Awwww- cute!
384,1/9/2014 14:50,RE: Awwww- cute!
385,1/9/2014 14:57,RE: Awwww- cute!
386,1/9/2014 14:57,RE: Field work rotation schedule
387,1/9/2014 14:59,RE: You never get a second chance to make a first impression
388,1/9/2014 15:00,RE: GIS update
389,1/9/2014 15:01,RE: Field work rotation schedule
390,1/9/2014 15:04,They need that report today
391,1/9/2014 15:05,RE: Security procedures for January 20 VIP visit
392,1/9/2014 15:09,RE: GIS update
393,1/9/2014 15:10,RE: Files
394,1/9/2014 15:13,GIS update
395,1/9/2014 15:13,RE: Facilities preparations for VIP visit
396,1/9/2014 15:17,Impromptu golf vacation - who's in?
397,1/9/2014 15:25,RE: Facilities preparations for VIP visit
398,1/9/2014 15:29,RE: Field work rotation schedule
399,1/9/2014 15:35,RE: Facilities preparations for VIP visit
400,1/9/2014 15:42,RE: GIS update
401,1/9/2014 15:58,RE: Document stuck
402,1/9/2014 16:01,Don't text and drive!
403,1/9/2014 16:03,RE: Remember Casino night!
404,1/9/2014 16:04,RE: Remember Casino night!
405,1/9/2014 16:07,RE: GIS update
406,1/9/2014 16:11,GIS update
407,1/9/2014 16:14,RE: Facilities preparations for VIP visit
408,1/9/2014 16:16,RE: Remember Casino night!
409,1/9/2014 16:20,RE: Security update: how to handle reporters on the grounds
410,1/9/2014 16:25,RE: Document stuck
411,1/9/2014 16:25,RE: They need that report today
412,1/9/2014 16:25,Missing sweater
413,1/9/2014 16:26,RE: Remember Casino night!
414,1/9/2014 16:32,RE: Remember Casino night!
415,1/9/2014 16:34,RE: Union meeting
416,1/9/2014 16:36,Mandatory safety training
417,1/9/2014 16:42,RE: Security procedures for January 20 VIP visit
418,1/9/2014 16:44,RE: Security procedures for January 20 VIP visit
419,1/9/2014 16:44,RE: GIS update
420,1/9/2014 16:45,RE: Security update: how to handle reporters on the grounds
421,1/9/2014 17:02,RE: They need that report today
422,1/9/2014 17:13,RE: Security procedures for January 20 VIP visit
423,1/9/2014 17:17,RE: Security update: how to handle reporters on the grounds
424,1/9/2014 17:17,RE: GIS update
425,1/9/2014 17:30,RE: Security procedures for January 20 VIP visit
426,1/9/2014 18:14,RE: Don't text and drive!
427,1/9/2014 18:47,RE: GIS update
428,1/9/2014 19:41,RE: Impromptu golf vacation - who's in?
429,1/9/2014 19:42,RE: Impromptu golf vacation - who's in?
430,1/9/2014 19:47,RE: GIS update
431,1/9/2014 19:59,RE: GIS update
432,1/9/2014 20:24,RE: Missing sweater
433,1/9/2014 20:28,RE: GIS update
434,1/9/2014 21:10,RE: Mandatory safety training
435,1/9/2014 21:27,RE: Mandatory safety training
436,1/9/2014 22:33,RE: Mandatory safety training
437,1/10/2014 8:33,2516-00 openhole logging results
438,1/10/2014 9:08,Changes to travel policy
439,1/10/2014 10:00,Out of staples
440,1/10/2014 10:03,Funny!!
441,1/10/2014 10:13,Hardware failures
442,1/10/2014 10:24,Concert
443,1/10/2014 10:37,Equipment calibration
444,1/10/2014 10:44,No problem
445,1/10/2014 11:03,Copier
446,1/10/2014 11:05,Meeting
447,1/10/2014 11:10,RE: Equipment calibration
448,1/10/2014 11:26,RE: Funny!!
449,1/10/2014 11:38,RE: Equipment calibration
450,1/10/2014 11:45,RE: Out of staples
451,1/10/2014 11:48,Mandatory safety training
452,1/10/2014 11:51,RE: Funny!!
453,1/10/2014 12:01,RE: 2516-00 openhole logging results
454,1/10/2014 12:11,Need a ride to lunch later
455,1/10/2014 12:12,Reception after the corporate meeting Monday morning
456,1/10/2014 12:24,RE: Out of staples
457,1/10/2014 12:24,RE: Funny!!
458,1/10/2014 12:47,RE: Funny!!
459,1/10/2014 12:52,Awwww- cute!
460,1/10/2014 12:52,Downhole logging scheduled for 2516-00
461,1/10/2014 12:52,Still busy?
462,1/10/2014 12:57,RE: Copier
463,1/10/2014 13:11,Training opportunity
464,1/10/2014 13:13,Late for meeting
465,1/10/2014 13:16,RE: Equipment calibration
466,1/10/2014 13:17,Joke - funny!
467,1/10/2014 13:18,RE: Changes to travel policy
468,1/10/2014 13:24,Anyone have time to help troubleshoot some software?
469,1/10/2014 13:27,Need volunteers - charity bake sale
470,1/10/2014 13:34,RE: Need a ride to lunch later
471,1/10/2014 13:41,RE: Hardware failures
472,1/10/2014 13:42,RE: Funny!!
473,1/10/2014 13:53,RE: Copier
474,1/10/2014 13:54,Who took the toolbox out of my truck?
475,1/10/2014 13:57,GASTech announcements
476,1/10/2014 14:02,RE: Changes to travel policy
477,1/10/2014 14:12,Updated assignments
478,1/10/2014 14:13,RE: Need a ride to lunch later
479,1/10/2014 14:13,RE: Changes to travel policy
480,1/10/2014 14:17,Who took the toolbox out of my truck?
481,1/10/2014 14:22,RE: Copier
482,1/10/2014 14:26,RE: Need a ride to lunch later
483,1/10/2014 14:32,RE: Training opportunity
484,1/10/2014 14:32,New gyro place opened nearby
485,1/10/2014 14:40,Coupon club
486,1/10/2014 14:44,RE: Changes to travel policy
487,1/10/2014 14:46,Watch found
488,1/10/2014 14:50,Web site
489,1/10/2014 14:54,RE: Need a ride to lunch later
490,1/10/2014 14:57,RE: Need a ride to lunch later
491,1/10/2014 14:59,Service anniversary
492,1/10/2014 14:59,RE: Need volunteers - charity bake sale
493,1/10/2014 15:00,RE: Reception after the corporate meeting Monday morning
494,1/10/2014 15:12,"Hey, I�m going home sick."
495,1/10/2014 15:16,Daily morning announcements
496,1/10/2014 15:17,RE: Joke - funny!
497,1/10/2014 15:17,Vacation scheduling procedures
498,1/10/2014 15:23,RE: Late for meeting
499,1/10/2014 15:27,Who's up for lunch?
500,1/10/2014 15:32,Recommendations for a good investment advisor?
501,1/10/2014 15:42,RE: Late for meeting
502,1/10/2014 15:52,RE: Hardware failures
503,1/10/2014 15:53,RE: Who took the toolbox out of my truck?
504,1/10/2014 16:08,RE: Service anniversary
505,1/10/2014 16:11,RE: Training opportunity
506,1/10/2014 16:14,RE: GASTech announcements
507,1/10/2014 16:15,RE: Who took the toolbox out of my truck?
508,1/10/2014 16:16,RE: Late for meeting
509,1/10/2014 16:16,RE: Service anniversary
510,1/10/2014 16:19,RE: Who took the toolbox out of my truck?
511,1/10/2014 16:28,RE: Updated assignments
512,1/10/2014 16:36,RE: Anyone have time to help troubleshoot some software?
513,1/10/2014 16:36,RE: Web site
514,1/10/2014 16:37,RE: Need volunteers - charity bake sale
515,1/10/2014 16:41,RE: Late for meeting
516,1/10/2014 16:42,RE: Anyone have time to help troubleshoot some software?
517,1/10/2014 16:44,RE: Late for meeting
518,1/10/2014 16:48,"RE: Hey, I�m going home sick."
519,1/10/2014 16:49,RE: Downhole logging scheduled for 2516-00
520,1/10/2014 16:54,RE: Coupon club
521,1/10/2014 17:02,RE: Who took the toolbox out of my truck?
522,1/10/2014 17:06,RE: Updated assignments
523,1/10/2014 17:06,RE: GASTech announcements
524,1/10/2014 17:20,RE: Watch found
525,1/10/2014 17:21,RE: Updated assignments
526,1/10/2014 17:25,RE: Reception after the corporate meeting Monday morning
527,1/10/2014 17:25,RE: GASTech announcements
528,1/10/2014 17:27,RE: Coupon club
529,1/10/2014 17:34,"RE: Hey, I�m going home sick."
530,1/10/2014 17:41,RE: Recommendations for a good investment advisor?
531,1/10/2014 17:43,RE: Anyone have time to help troubleshoot some software?
532,1/10/2014 17:44,RE: Watch found
533,1/10/2014 17:44,RE: Joke - funny!
534,1/10/2014 17:49,"RE: Hey, I�m going home sick."
535,1/10/2014 17:53,RE: Anyone have time to help troubleshoot some software?
536,1/10/2014 17:55,RE: Who took the toolbox out of my truck?
537,1/10/2014 18:07,RE: Anyone have time to help troubleshoot some software?
538,1/10/2014 18:12,RE: Coupon club
539,1/10/2014 18:16,RE: Vacation scheduling procedures
540,1/10/2014 18:24,RE: Watch found
541,1/10/2014 18:26,RE: Web site
542,1/10/2014 18:34,RE: Anyone have time to help troubleshoot some software?
543,1/10/2014 18:35,RE: Vacation scheduling procedures
544,1/10/2014 18:36,RE: Who took the toolbox out of my truck?
545,1/10/2014 18:55,RE: Who's up for lunch?
546,1/10/2014 18:57,RE: Web site
547,1/10/2014 18:57,RE: Recommendations for a good investment advisor?
548,1/10/2014 19:26,RE: Watch found
549,1/10/2014 19:38,RE: Who's up for lunch?
550,1/10/2014 19:44,RE: Who's up for lunch?
551,1/10/2014 19:44,RE: Recommendations for a good investment advisor?
552,1/10/2014 20:12,RE: Who's up for lunch?
553,1/10/2014 20:23,RE: Who's up for lunch?
554,1/13/2014 9:01,The rest of the files are in your mailbox
555,1/13/2014 9:24,Did you like the flowers?
556,1/13/2014 9:28,How to Prepare for the January 20 VIP Meetings
557,1/13/2014 9:40,Have you seen this?  New security tool
558,1/13/2014 9:42,HASR Injection Progress
559,1/13/2014 10:03,Training question
560,1/13/2014 10:10,RE: Have you seen this?  New security tool
561,1/13/2014 10:15,Plants
562,1/13/2014 10:18,Safety First!
563,1/13/2014 10:46,Cased-hole inspection schedule
564,1/13/2014 10:47,Spam reports
565,1/13/2014 10:58,Concert
566,1/13/2014 10:58,Managing perceptions about the IPO
567,1/13/2014 10:59,"Works for me, thanks"
568,1/13/2014 11:11,RE: Have you seen this?  New security tool
569,1/13/2014 11:26,"RE: Works for me, thanks"
570,1/13/2014 11:32,RE: Have you seen this?  New security tool
571,1/13/2014 11:57,RE: Have you seen this?  New security tool
572,1/13/2014 12:03,Safety First!
573,1/13/2014 12:09,Anyone have time to help on a project?
574,1/13/2014 12:15,RE: Have you seen this?  New security tool
575,1/13/2014 12:18,RE: Safety First!
576,1/13/2014 12:40,RE: Concert
577,1/13/2014 12:50,RE: How to Prepare for the January 20 VIP Meetings
578,1/13/2014 12:51,"RE: Works for me, thanks"
579,1/13/2014 12:55,RE: How to Prepare for the January 20 VIP Meetings
580,1/13/2014 12:59,RE: Plants
581,1/13/2014 13:00,RE: Safety First!
582,1/13/2014 13:06,When you have a minute
583,1/13/2014 13:07,RE: Training question
584,1/13/2014 13:16,RE: Plants
585,1/13/2014 13:22,RE: Plants
586,1/13/2014 13:22,RE: HASR Injection Progress
587,1/13/2014 13:25,Supplies
588,1/13/2014 13:26,RE: How to Prepare for the January 20 VIP Meetings
589,1/13/2014 13:34,Wellhead flow rate data
590,1/13/2014 13:43,RE: Concert
591,1/13/2014 13:44,RE: Managing perceptions about the IPO
592,1/13/2014 13:45,2497-00 Initial flow rates
593,1/13/2014 13:50,Recommend a good vacation spot?
594,1/13/2014 13:56,News on VIP Visit January 20 - Please Read!
595,1/13/2014 14:00,Tools
596,1/13/2014 14:11,RE: HASR Injection Progress
597,1/13/2014 14:13,RE: Cased-hole inspection schedule
598,1/13/2014 14:13,RE: Managing perceptions about the IPO
599,1/13/2014 14:18,2497-00 Perforation
600,1/13/2014 14:19,RE: Safety First!
601,1/13/2014 14:22,RE: HASR Injection Progress
602,1/13/2014 14:35,Too funy - you have to see this...
603,1/13/2014 14:40,RE: Safety First!
604,1/13/2014 14:53,RE: Managing perceptions about the IPO
605,1/13/2014 15:01,RE: Safety First!
606,1/13/2014 15:02,RE: Managing perceptions about the IPO
607,1/13/2014 15:08,Safety First!
608,1/13/2014 15:11,"Guys night out - sorry, ladies"
609,1/13/2014 15:12,RE: HASR Injection Progress
610,1/13/2014 15:19,RE: Spam reports
611,1/13/2014 15:25,Notification of outside visit
612,1/13/2014 15:35,RE: Cased-hole inspection schedule
613,1/13/2014 15:35,RE: When you have a minute
614,1/13/2014 15:51,RE: Anyone have time to help on a project?
615,1/13/2014 15:56,RE: Recommend a good vacation spot?
616,1/13/2014 15:56,"Good morning, GasTech!"
617,1/13/2014 16:01,RE: Anyone have time to help on a project?
618,1/13/2014 16:03,Testing 1 2 3
619,1/13/2014 16:06,"Guys night out - sorry, ladies"
620,1/13/2014 16:15,Hackathon Friday night - my place
621,1/13/2014 16:19,RE: News on VIP Visit January 20 - Please Read!
622,1/13/2014 16:23,RE: Supplies
623,1/13/2014 16:31,RE: Tools
624,1/13/2014 16:32,Funny!!
625,1/13/2014 16:33,RE: Tools
626,1/13/2014 16:35,"RE: Guys night out - sorry, ladies"
627,1/13/2014 16:36,RE: Wellhead flow rate data
628,1/13/2014 16:37,"RE: Guys night out - sorry, ladies"
629,1/13/2014 16:40,RE: 2497-00 Initial flow rates
630,1/13/2014 16:47,RE: 2497-00 Initial flow rates
631,1/13/2014 16:48,FW: ARISE - Inspiration for Defenders of Kronos
632,1/13/2014 16:51,RE: News on VIP Visit January 20 - Please Read!
633,1/13/2014 16:54,RE: Safety First!
634,1/13/2014 17:00,"RE: Guys night out - sorry, ladies"
635,1/13/2014 17:01,RE: Tools
636,1/13/2014 17:02,RE: Safety First!
637,1/13/2014 17:04,"RE: Guys night out - sorry, ladies"
638,1/13/2014 17:06,RE: Wellhead flow rate data
639,1/13/2014 17:08,RE: When you have a minute
640,1/13/2014 17:11,RE: Too funy - you have to see this...
641,1/13/2014 17:16,RE: Anyone have time to help on a project?
642,1/13/2014 17:24,RE: 2497-00 Perforation
643,1/13/2014 17:32,RE: Recommend a good vacation spot?
644,1/13/2014 17:53,RE: Wellhead flow rate data
645,1/13/2014 17:54,RE: When you have a minute
646,1/13/2014 17:55,RE: 2497-00 Initial flow rates
647,1/13/2014 18:00,"RE: Guys night out - sorry, ladies"
648,1/13/2014 18:04,RE: Safety First!
649,1/13/2014 18:12,RE: When you have a minute
650,1/13/2014 18:12,RE: Too funy - you have to see this...
651,1/13/2014 18:16,RE: Wellhead flow rate data
652,1/13/2014 18:24,"RE: Guys night out - sorry, ladies"
653,1/13/2014 18:35,RE: Funny!!
654,1/13/2014 18:50,"RE: Guys night out - sorry, ladies"
655,1/13/2014 18:58,RE: Safety First!
656,1/13/2014 19:09,RE: 2497-00 Initial flow rates
657,1/13/2014 19:28,RE: FW: ARISE - Inspiration for Defenders of Kronos
658,1/13/2014 19:30,RE: Too funy - you have to see this...
659,1/13/2014 19:31,RE: FW: ARISE - Inspiration for Defenders of Kronos
660,1/13/2014 19:46,RE: Hackathon Friday night - my place
661,1/13/2014 20:05,RE: FW: ARISE - Inspiration for Defenders of Kronos
662,1/13/2014 20:06,RE: Hackathon Friday night - my place
663,1/13/2014 20:09,RE: Hackathon Friday night - my place
664,1/13/2014 20:14,RE: Funny!!
665,1/13/2014 20:16,RE: Hackathon Friday night - my place
666,1/13/2014 20:20,RE: Hackathon Friday night - my place
667,1/13/2014 20:42,RE: Notification of outside visit
668,1/13/2014 21:15,RE: Hackathon Friday night - my place
669,1/13/2014 21:33,RE: FW: ARISE - Inspiration for Defenders of Kronos
670,1/14/2014 8:18,Security procedures for January 20 VIP visit
671,1/14/2014 9:31,Did you like the flowers?
672,1/14/2014 9:50,Action: Review network logs
673,1/14/2014 10:06,Mandatory training
674,1/14/2014 10:17,Patch status
675,1/14/2014 10:24,RE: Security procedures for January 20 VIP visit
676,1/14/2014 10:49,Seeing strange network activity
677,1/14/2014 11:11,RE: Patch status
678,1/14/2014 11:18,RE: Security procedures for January 20 VIP visit
679,1/14/2014 11:19,Who�s tracking the office pool
680,1/14/2014 11:19,RE: Action: Review network logs
681,1/14/2014 11:21,RE: Seeing strange network activity
682,1/14/2014 11:25,RE: Seeing strange network activity
683,1/14/2014 11:26,RE: Security procedures for January 20 VIP visit
684,1/14/2014 11:27,RE: Patch status
685,1/14/2014 11:31,RE: Action: Review network logs
686,1/14/2014 11:32,RE: Patch status
687,1/14/2014 11:34,RE: Action: Review network logs
688,1/14/2014 11:36,RE: Action: Review network logs
689,1/14/2014 11:43,Take a look at this
690,1/14/2014 12:04,Daily morning announcements
691,1/14/2014 12:05,Man your battlestations!
692,1/14/2014 12:11,RE: Security procedures for January 20 VIP visit
693,1/14/2014 12:22,Be Careful!
694,1/14/2014 12:29,RE: Mandatory training
695,1/14/2014 12:35,Plants
696,1/14/2014 12:35,Babysitting recommendations
697,1/14/2014 12:37,Too funy - you have to see this...
698,1/14/2014 12:43,"Guys night out - sorry, ladies"
699,1/14/2014 12:46,Can someone verify this behavior?
700,1/14/2014 12:48,RE: Man your battlestations!
701,1/14/2014 12:57,RE: Mandatory training
702,1/14/2014 12:58,RE: Action: Review network logs
703,1/14/2014 13:01,RE: Man your battlestations!
704,1/14/2014 13:07,Operational efficiencies
705,1/14/2014 13:12,RE: Man your battlestations!
706,1/14/2014 13:15,Training opportunity
707,1/14/2014 13:15,Maximizing quarterly profits
708,1/14/2014 13:17,Facilities preparations for VIP visit
709,1/14/2014 13:20,RE: Take a look at this
710,1/14/2014 13:27,RE: Man your battlestations!
711,1/14/2014 13:34,RE: Man your battlestations!
712,1/14/2014 13:35,RE: Who�s tracking the office pool
713,1/14/2014 13:35,RE: Seeing strange network activity
714,1/14/2014 13:38,RE: Can someone verify this behavior?
715,1/14/2014 13:39,Impact of local politics on profit margin
716,1/14/2014 13:41,RE: Mandatory training
717,1/14/2014 13:43,Wellhead flow rate data
718,1/14/2014 13:43,RE: Maximizing quarterly profits
719,1/14/2014 13:43,RE: Man your battlestations!
720,1/14/2014 13:43,RE: Seeing strange network activity
721,1/14/2014 13:43,Traffic advisory for today
722,1/14/2014 13:48,RE: Maximizing quarterly profits
723,1/14/2014 13:51,RE: Seeing strange network activity
724,1/14/2014 14:00,RE: Can someone verify this behavior?
725,1/14/2014 14:02,RE: Can someone verify this behavior?
726,1/14/2014 14:10,RE: Wellhead flow rate data
727,1/14/2014 14:14,Late for meeting
728,1/14/2014 14:15,RE: Who�s tracking the office pool
729,1/14/2014 14:19,RE: Take a look at this
730,1/14/2014 14:22,RE: Who�s tracking the office pool
731,1/14/2014 14:22,RE: Babysitting recommendations
732,1/14/2014 14:23,RE: Wellhead flow rate data
733,1/14/2014 14:33,Action: Virus detected on your system
734,1/14/2014 14:38,Supplies
735,1/14/2014 14:41,Conference report
736,1/14/2014 14:48,RE: Facilities preparations for VIP visit
737,1/14/2014 14:58,RE: Can someone verify this behavior?
738,1/14/2014 15:01,RE: Can someone verify this behavior?
739,1/14/2014 15:04,RE: Late for meeting
740,1/14/2014 15:05,RE: Late for meeting
741,1/14/2014 15:06,RE: Babysitting recommendations
742,1/14/2014 15:13,RE: Facilities preparations for VIP visit
743,1/14/2014 15:18,RE: Wellhead flow rate data
744,1/14/2014 15:20,RE: Impact of local politics on profit margin
745,1/14/2014 15:20,RE: Wellhead flow rate data
746,1/14/2014 15:24,RE: Impact of local politics on profit margin
747,1/14/2014 15:25,Who took the toolbox out of my truck?
748,1/14/2014 15:28,RE: Can someone verify this behavior?
749,1/14/2014 15:28,RE: Babysitting recommendations
750,1/14/2014 15:36,RE: Late for meeting
751,1/14/2014 15:37,RE: Too funy - you have to see this...
752,1/14/2014 15:37,RE: Be Careful!
753,1/14/2014 15:42,RE: Can someone verify this behavior?
754,1/14/2014 15:42,Route suggestion for next shift
755,1/14/2014 15:48,RE: Late for meeting
756,1/14/2014 15:48,Article - interesting
757,1/14/2014 15:51,RE: Facilities preparations for VIP visit
758,1/14/2014 15:52,RE: Operational efficiencies
759,1/14/2014 15:55,RE: Be Careful!
760,1/14/2014 15:57,Wellhead flow rate data
761,1/14/2014 16:02,RE: Maximizing quarterly profits
762,1/14/2014 16:13,RE: Impact of local politics on profit margin
763,1/14/2014 16:18,RE: Late for meeting
764,1/14/2014 16:21,RE: Babysitting recommendations
765,1/14/2014 16:27,RE: Traffic advisory for today
766,1/14/2014 16:27,This weekend?
767,1/14/2014 16:29,RE: Facilities preparations for VIP visit
768,1/14/2014 16:29,RE: Be Careful!
769,1/14/2014 16:52,RE: Be Careful!
770,1/14/2014 16:54,Updated Safety Policies
771,1/14/2014 16:54,RE: Too funy - you have to see this...
772,1/14/2014 16:56,RE: Too funy - you have to see this...
773,1/14/2014 16:57,RE: Training opportunity
774,1/14/2014 16:57,RE: Action: Virus detected on your system
775,1/14/2014 17:01,RE: Impact of local politics on profit margin
776,1/14/2014 17:04,RE: Route suggestion for next shift
777,1/14/2014 17:09,RE: Action: Virus detected on your system
778,1/14/2014 17:10,RE: Traffic advisory for today
779,1/14/2014 17:13,RE: Route suggestion for next shift
780,1/14/2014 17:15,RE: Action: Virus detected on your system
781,1/14/2014 17:21,RE: Training opportunity
782,1/14/2014 17:25,RE: Too funy - you have to see this...
783,1/14/2014 17:38,RE: Conference report
784,1/14/2014 17:47,RE: Traffic advisory for today
785,1/14/2014 17:56,RE: Training opportunity
786,1/14/2014 17:58,RE: Action: Virus detected on your system
787,1/14/2014 18:01,RE: Conference report
788,1/14/2014 18:05,RE: Operational efficiencies
789,1/14/2014 18:05,RE: Route suggestion for next shift
790,1/14/2014 18:19,RE: Conference report
791,1/14/2014 18:38,RE: Traffic advisory for today
792,1/14/2014 18:45,RE: Action: Virus detected on your system
793,1/14/2014 18:45,RE: Who took the toolbox out of my truck?
794,1/14/2014 18:56,RE: Traffic advisory for today
795,1/14/2014 19:02,RE: Who took the toolbox out of my truck?
796,1/14/2014 19:13,RE: Conference report
797,1/14/2014 19:14,RE: Conference report
798,1/14/2014 19:25,RE: Action: Virus detected on your system
799,1/14/2014 19:33,RE: Conference report
800,1/14/2014 19:33,RE: Action: Virus detected on your system
801,1/14/2014 19:38,RE: Article - interesting
802,1/14/2014 19:40,RE: Article - interesting
803,1/14/2014 19:46,RE: Article - interesting
804,1/14/2014 20:05,RE: Wellhead flow rate data
805,1/14/2014 20:26,RE: Wellhead flow rate data
806,1/14/2014 20:29,RE: Updated Safety Policies
807,1/14/2014 20:31,RE: Updated Safety Policies
808,1/14/2014 20:46,RE: Who took the toolbox out of my truck?
809,1/14/2014 20:55,RE: Updated Safety Policies
810,1/14/2014 21:00,RE: Updated Safety Policies
811,1/15/2014 9:15,The most creative spam I've seen lately.
812,1/15/2014 9:45,Who took the toolbox out of my truck?
813,1/15/2014 9:52,Ha ha
814,1/15/2014 10:19,On my way
815,1/15/2014 10:38,RE: Ha ha
816,1/15/2014 10:54,RE: Ha ha
817,1/15/2014 11:05,Don't text and drive!
818,1/15/2014 11:07,Favor - borrow hedge trimmer
819,1/15/2014 11:07,Tools
820,1/15/2014 11:14,Draft report - comments needed by Monday
821,1/15/2014 11:17,Files
822,1/15/2014 11:17,Daily morning announcements
823,1/15/2014 11:24,List of repairs needed
824,1/15/2014 11:26,Favor - water plants please next month
825,1/15/2014 11:27,RE: Ha ha
826,1/15/2014 11:28,Wellhead flow rate data - overpressure at well 1783-03?
827,1/15/2014 11:52,RE: Don't text and drive!
828,1/15/2014 12:01,RE: Don't text and drive!
829,1/15/2014 12:10,Favor - borrow hedge trimmer
830,1/15/2014 12:17,RE: Tools
831,1/15/2014 12:20,RE: The most creative spam I've seen lately.
832,1/15/2014 12:25,Inspection request for site
833,1/15/2014 12:31,RE: Favor - borrow hedge trimmer
834,1/15/2014 12:41,RE: On my way
835,1/15/2014 12:43,Reminder: Refer all media inquiries
836,1/15/2014 12:48,RE: Favor - water plants please next month
837,1/15/2014 12:51,Going home sick
838,1/15/2014 12:51,RE: Tools
839,1/15/2014 12:53,RE: Tools
840,1/15/2014 13:07,New hardware - advice needed?
841,1/15/2014 13:11,RE: Don't text and drive!
842,1/15/2014 13:13,RE: Tools
843,1/15/2014 13:13,Employee of the month
844,1/15/2014 13:15,RE: Favor - borrow hedge trimmer
845,1/15/2014 13:19,RE: Don't text and drive!
846,1/15/2014 13:23,Coupon club
847,1/15/2014 13:24,Favor - borrow hedge trimmer
848,1/15/2014 13:26,RE: Wellhead flow rate data - overpressure at well 1783-03?
849,1/15/2014 13:27,RE: Tools
850,1/15/2014 13:30,RE: Wellhead flow rate data - overpressure at well 1783-03?
851,1/15/2014 13:31,Catering?!?
852,1/15/2014 13:36,RE: The most creative spam I've seen lately.
853,1/15/2014 13:40,Favor - borrow hedge trimmer
854,1/15/2014 13:45,Are you buying coffee?
855,1/15/2014 13:45,RE: Files
856,1/15/2014 13:55,RE: Draft report - comments needed by Monday
857,1/15/2014 13:55,Don't text and drive!
858,1/15/2014 13:57,RE: Draft report - comments needed by Monday
859,1/15/2014 13:59,Yearly numbers looking good
860,1/15/2014 14:04,RE: Files
861,1/15/2014 14:07,Favor - borrow hedge trimmer
862,1/15/2014 14:07,Route suggestion for next shift
863,1/15/2014 14:14,RE: Draft report - comments needed by Monday
864,1/15/2014 14:15,RE: Who took the toolbox out of my truck?
865,1/15/2014 14:19,RE: Files
866,1/15/2014 14:30,RE: Going home sick
867,1/15/2014 14:32,Well 1033-01 stabilization progress report
868,1/15/2014 14:33,RE: Favor - borrow hedge trimmer
869,1/15/2014 14:33,This weekend?
870,1/15/2014 14:43,Funny!!
871,1/15/2014 14:49,RE: Going home sick
872,1/15/2014 15:02,Equipment audit approaching
873,1/15/2014 15:04,RE: Employee of the month
874,1/15/2014 15:06,RE: Draft report - comments needed by Monday
875,1/15/2014 15:08,RE: List of repairs needed
876,1/15/2014 15:12,RE: Who took the toolbox out of my truck?
877,1/15/2014 15:12,RE: Wellhead flow rate data - overpressure at well 1783-03?
878,1/15/2014 15:14,RE: Are you buying coffee?
879,1/15/2014 15:17,RE: Draft report - comments needed by Monday
880,1/15/2014 15:18,RE: Are you buying coffee?
881,1/15/2014 15:25,RE: Going home sick
882,1/15/2014 15:27,RE: Who took the toolbox out of my truck?
883,1/15/2014 15:30,RE: Are you buying coffee?
884,1/15/2014 15:33,RE: Going home sick
885,1/15/2014 15:33,RE: Employee of the month
886,1/15/2014 15:41,Deadline changed?
887,1/15/2014 15:53,RE: Wellhead flow rate data - overpressure at well 1783-03?
888,1/15/2014 16:02,RE: Well 1033-01 stabilization progress report
889,1/15/2014 16:03,RE: List of repairs needed
890,1/15/2014 16:03,RE: Wellhead flow rate data - overpressure at well 1783-03?
891,1/15/2014 16:07,RE: New hardware - advice needed?
892,1/15/2014 16:13,RE: Don't text and drive!
893,1/15/2014 16:15,RE: Draft report - comments needed by Monday
894,1/15/2014 16:17,RE: Reminder: Refer all media inquiries
895,1/15/2014 16:18,RE: Are you buying coffee?
896,1/15/2014 16:23,RE: Employee of the month
897,1/15/2014 16:24,RE: List of repairs needed
898,1/15/2014 16:27,RE: Coupon club
899,1/15/2014 16:36,RE: List of repairs needed
900,1/15/2014 16:40,RE: Catering?!?
901,1/15/2014 16:54,RE: Route suggestion for next shift
902,1/15/2014 17:00,RE: Equipment audit approaching
903,1/15/2014 17:05,RE: Route suggestion for next shift
904,1/15/2014 17:07,RE: Don't text and drive!
905,1/15/2014 17:08,RE: Reminder: Refer all media inquiries
906,1/15/2014 17:21,RE: Reminder: Refer all media inquiries
907,1/15/2014 17:46,RE: Yearly numbers looking good
908,1/15/2014 17:49,RE: Equipment audit approaching
909,1/15/2014 17:59,RE: Yearly numbers looking good
910,1/15/2014 18:00,RE: New hardware - advice needed?
911,1/15/2014 18:04,RE: Deadline changed?
912,1/15/2014 18:04,RE: Reminder: Refer all media inquiries
913,1/15/2014 18:06,RE: Yearly numbers looking good
914,1/15/2014 18:14,RE: Equipment audit approaching
915,1/15/2014 18:35,RE: Yearly numbers looking good
916,1/15/2014 18:46,RE: Well 1033-01 stabilization progress report
917,1/15/2014 18:49,RE: Yearly numbers looking good
918,1/15/2014 19:35,RE: Funny!!
919,1/16/2014 9:02,Overtime policy reminder
920,1/16/2014 9:27,Plants
921,1/16/2014 9:34,Favor - borrow hedge trimmer
922,1/16/2014 9:38,Training opportunity
923,1/16/2014 9:44,Downhole prediction 2522-00
924,1/16/2014 9:46,Recommend a good vacation spot?
925,1/16/2014 10:18,RE: Downhole prediction 2522-00
926,1/16/2014 10:30,Vacation scheduling procedures
927,1/16/2014 11:09,"Good morning, GasTech!"
928,1/16/2014 11:22,RE: Favor - borrow hedge trimmer
929,1/16/2014 11:36,Registration open: retirement planning seminar
930,1/16/2014 11:40,RE: Downhole prediction 2522-00
931,1/16/2014 11:48,RE: Downhole prediction 2522-00
932,1/16/2014 11:51,RE: Plants
933,1/16/2014 12:03,Ha ha
934,1/16/2014 12:04,Funny!!
935,1/16/2014 12:10,"Guys night out - sorry, ladies"
936,1/16/2014 12:13,RE: Plants
937,1/16/2014 12:13,RE: Downhole prediction 2522-00
938,1/16/2014 12:16,You never get a second chance to make a first impression
939,1/16/2014 12:17,RE: Plants
940,1/16/2014 12:20,RE: Favor - borrow hedge trimmer
941,1/16/2014 12:22,"Guys night out - sorry, ladies"
942,1/16/2014 12:25,RE: Downhole prediction 2522-00
943,1/16/2014 12:27,RE: Registration open: retirement planning seminar
944,1/16/2014 12:36,RE: Favor - borrow hedge trimmer
945,1/16/2014 12:36,RE: Plants
946,1/16/2014 12:39,RE: Downhole prediction 2522-00
947,1/16/2014 12:41,RE: Favor - borrow hedge trimmer
948,1/16/2014 12:43,Union meeting
949,1/16/2014 12:51,RE: Plants
950,1/16/2014 12:51,RE: Training opportunity
951,1/16/2014 12:56,RE: Recommend a good vacation spot?
952,1/16/2014 12:58,RE: Recommend a good vacation spot?
953,1/16/2014 13:14,RE: Ha ha
954,1/16/2014 13:26,"Guys night out - sorry, ladies"
955,1/16/2014 13:38,Conference report
956,1/16/2014 13:38,RE: Vacation scheduling procedures
957,1/16/2014 13:42,RE: Funny!!
958,1/16/2014 13:42,RE: Vacation scheduling procedures
959,1/16/2014 13:44,RE: Registration open: retirement planning seminar
960,1/16/2014 13:46,Downhole prediction 2522-00 - updated
961,1/16/2014 13:50,RE: Ha ha
962,1/16/2014 13:53,RE: Vacation scheduling procedures
963,1/16/2014 13:54,Anyone have time to help troubleshoot some software?
964,1/16/2014 13:57,RE: Ha ha
965,1/16/2014 13:59,RE: Training opportunity
966,1/16/2014 14:16,RE: Ha ha
967,1/16/2014 14:18,RE: Ha ha
968,1/16/2014 14:19,Safety First!
969,1/16/2014 14:27,Conference report
970,1/16/2014 14:34,RE: Funny!!
971,1/16/2014 14:36,RE: Funny!!
972,1/16/2014 14:54,Web site
973,1/16/2014 14:59,RE: Recommend a good vacation spot?
974,1/16/2014 15:11,Resolution of incident
975,1/16/2014 15:12,Maximizing quarterly profits
976,1/16/2014 15:14,RE: Recommend a good vacation spot?
977,1/16/2014 15:15,RE: You never get a second chance to make a first impression
978,1/16/2014 15:16,RE: Vacation scheduling procedures
979,1/16/2014 15:18,"RE: Guys night out - sorry, ladies"
980,1/16/2014 15:28,Field work rotation schedule
981,1/16/2014 15:29,Don't text and drive!
982,1/16/2014 15:33,Downhole prediction 2522-00 - check your parameters
983,1/16/2014 15:44,RE: Downhole prediction 2522-00 - updated
984,1/16/2014 15:48,Mandatory safety training
985,1/16/2014 15:53,"RE: Guys night out - sorry, ladies"
986,1/16/2014 16:07,"RE: Guys night out - sorry, ladies"
987,1/16/2014 16:08,RE: You never get a second chance to make a first impression
988,1/16/2014 16:12,RE: Conference report
989,1/16/2014 16:21,Field work rotation schedule
990,1/16/2014 16:25,Inspection request for site
991,1/16/2014 16:26,RE: Conference report
992,1/16/2014 16:29,The most creative spam I've seen lately.
993,1/16/2014 16:31,RE: Conference report
994,1/16/2014 16:37,"RE: Guys night out - sorry, ladies"
995,1/16/2014 16:37,RE: Conference report
996,1/16/2014 16:41,RE: Conference report
997,1/16/2014 16:49,RE: You never get a second chance to make a first impression
998,1/16/2014 16:56,"RE: Guys night out - sorry, ladies"
999,1/16/2014 17:05,"RE: Guys night out - sorry, ladies"
1000,1/16/2014 17:05,"RE: Guys night out - sorry, ladies"
1001,1/16/2014 17:09,RE: Union meeting
1002,1/16/2014 17:19,RE: The most creative spam I've seen lately.
1003,1/16/2014 17:21,RE: Downhole prediction 2522-00 - check your parameters
1004,1/16/2014 17:29,"RE: Guys night out - sorry, ladies"
1005,1/16/2014 17:46,RE: Don't text and drive!
1006,1/16/2014 17:47,RE: Anyone have time to help troubleshoot some software?
1007,1/16/2014 17:51,"RE: Guys night out - sorry, ladies"
1008,1/16/2014 18:01,RE: The most creative spam I've seen lately.
1009,1/16/2014 18:03,RE: Field work rotation schedule
1010,1/16/2014 18:13,RE: The most creative spam I've seen lately.
1011,1/16/2014 18:13,RE: Anyone have time to help troubleshoot some software?
1012,1/16/2014 18:15,RE: Field work rotation schedule
1013,1/16/2014 18:22,RE: Field work rotation schedule
1014,1/16/2014 18:24,RE: Conference report
1015,1/16/2014 18:30,RE: Mandatory safety training
1016,1/16/2014 18:36,RE: Field work rotation schedule
1017,1/16/2014 18:38,RE: Field work rotation schedule
1018,1/16/2014 18:39,RE: Inspection request for site
1019,1/16/2014 18:49,RE: Maximizing quarterly profits
1020,1/16/2014 18:52,RE: Field work rotation schedule
1021,1/16/2014 18:54,RE: Anyone have time to help troubleshoot some software?
1022,1/16/2014 19:02,RE: Mandatory safety training
1023,1/16/2014 19:02,RE: Field work rotation schedule
1024,1/16/2014 19:06,RE: Don't text and drive!
1025,1/16/2014 19:28,RE: Field work rotation schedule
1026,1/16/2014 19:32,RE: Web site
1027,1/16/2014 19:39,RE: Don't text and drive!
1028,1/16/2014 19:56,RE: Field work rotation schedule
1029,1/16/2014 19:58,RE: Don't text and drive!
1030,1/16/2014 20:21,RE: Don't text and drive!
1031,1/16/2014 20:40,RE: Inspection request for site
1032,1/16/2014 20:41,RE: Maximizing quarterly profits
1033,1/17/2014 8:33,Favor - water plants please next month
1034,1/17/2014 8:46,Late for meeting
1035,1/17/2014 8:52,Managing perceptions about the IPO
1036,1/17/2014 8:55,Who took the toolbox out of my truck?
1037,1/17/2014 9:09,List of repairs needed
1038,1/17/2014 9:13,Dress for success - Dress to impress
1039,1/17/2014 9:23,Are you buying coffee?
1040,1/17/2014 9:32,Article - interesting
1041,1/17/2014 9:47,RE: Late for meeting
1042,1/17/2014 9:58,NO DECAF - HA HA
1043,1/17/2014 10:14,RE: NO DECAF - HA HA
1044,1/17/2014 10:15,RE: Late for meeting
1045,1/17/2014 10:15,GIS update
1046,1/17/2014 10:16,RE: NO DECAF - HA HA
1047,1/17/2014 10:17,RE: Are you buying coffee?
1048,1/17/2014 10:19,RE: Late for meeting
1049,1/17/2014 10:19,GIS update
1050,1/17/2014 10:23,RE: Late for meeting
1051,1/17/2014 10:24,Managing perceptions about the IPO
1052,1/17/2014 10:40,RE: Late for meeting
1053,1/17/2014 10:44,Question about behavior of field device
1054,1/17/2014 10:46,RE: NO DECAF - HA HA
1055,1/17/2014 10:47,RE: Managing perceptions about the IPO
1056,1/17/2014 10:55,RE: Managing perceptions about the IPO
1057,1/17/2014 10:56,RE: Are you buying coffee?
1058,1/17/2014 10:59,The rest of the files are in your mailbox
1059,1/17/2014 11:25,RE: Are you buying coffee?
1060,1/17/2014 11:35,RE: Are you buying coffee?
1061,1/17/2014 11:55,RE: NO DECAF - HA HA
1062,1/17/2014 12:03,RE: GIS update
1063,1/17/2014 12:04,RE: Question about behavior of field device
1064,1/17/2014 12:05,No hurry
1065,1/17/2014 12:07,Files
1066,1/17/2014 12:11,RE: The rest of the files are in your mailbox
1067,1/17/2014 12:13,RE: GIS update
1068,1/17/2014 12:15,RE: Question about behavior of field device
1069,1/17/2014 12:28,RE: Managing perceptions about the IPO
1070,1/17/2014 12:29,RE: GIS update
1071,1/17/2014 12:33,RE: Managing perceptions about the IPO
1072,1/17/2014 12:42,Babysitting recommendations
1073,1/17/2014 12:46,RE: The rest of the files are in your mailbox
1074,1/17/2014 12:46,RE: Dress for success - Dress to impress
1075,1/17/2014 12:58,Security procedures for January 20 VIP visit
1076,1/17/2014 13:02,RE: The rest of the files are in your mailbox
1077,1/17/2014 13:02,RE: Managing perceptions about the IPO
1078,1/17/2014 13:03,RE: Files
1079,1/17/2014 13:04,RE: Managing perceptions about the IPO
1080,1/17/2014 13:06,RE: Question about behavior of field device
1081,1/17/2014 13:07,RE: The rest of the files are in your mailbox
1082,1/17/2014 13:08,RE: Babysitting recommendations
1083,1/17/2014 13:21,RE: The rest of the files are in your mailbox
1084,1/17/2014 13:24,2516-00 openhole logging results
1085,1/17/2014 13:29,RE: Article - interesting
1086,1/17/2014 13:33,RE: Files
1087,1/17/2014 13:36,RE: Managing perceptions about the IPO
1088,1/17/2014 13:37,Route suggestion for next shift
1089,1/17/2014 13:37,Route suggestion for next shift
1090,1/17/2014 13:41,Catering?!?
1091,1/17/2014 13:45,RE: Managing perceptions about the IPO
1092,1/17/2014 13:48,GIS update
1093,1/17/2014 13:49,RE: Managing perceptions about the IPO
1094,1/17/2014 13:53,RE: GIS update
1095,1/17/2014 14:05,RE: Babysitting recommendations
1096,1/17/2014 14:06,RE: Babysitting recommendations
1097,1/17/2014 14:12,RE: Babysitting recommendations
1098,1/17/2014 14:21,Reorganization
1099,1/17/2014 14:39,Awwww- cute!
1100,1/17/2014 14:39,RE: Files
1101,1/17/2014 14:41,RE: Question about behavior of field device
1102,1/17/2014 14:46,"Good morning, GasTech!"
1103,1/17/2014 14:46,RE: GIS update
1104,1/17/2014 14:54,Mandatory safety training
1105,1/17/2014 15:00,Funny!!
1106,1/17/2014 15:01,Favor - water plants please next month
1107,1/17/2014 15:03,Out of staples
1108,1/17/2014 15:04,RE: 2516-00 openhole logging results
1109,1/17/2014 15:05,RE: GIS update
1110,1/17/2014 15:11,RE: 2516-00 openhole logging results
1111,1/17/2014 15:13,Training opportunity
1112,1/17/2014 15:25,RE: GIS update
1113,1/17/2014 15:27,Inspection request for site
1114,1/17/2014 15:28,RE: Babysitting recommendations
1115,1/17/2014 15:29,Software review report
1116,1/17/2014 15:31,Does anyone have ...
1117,1/17/2014 15:48,RE: Security procedures for January 20 VIP visit
1118,1/17/2014 15:52,RE: Reorganization
1119,1/17/2014 15:53,RE: 2516-00 openhole logging results
1120,1/17/2014 15:58,RE: GIS update
1121,1/17/2014 16:05,RE: Favor - water plants please next month
1122,1/17/2014 16:13,RE: GIS update
1123,1/17/2014 16:16,RE: GIS update
1124,1/17/2014 16:17,RE: Out of staples
1125,1/17/2014 16:21,The most creative spam I've seen lately.
1126,1/17/2014 16:28,RE: Route suggestion for next shift
1127,1/17/2014 16:36,RE: GIS update
1128,1/17/2014 16:41,RE: Funny!!
1129,1/17/2014 16:41,RE: 2516-00 openhole logging results
1130,1/17/2014 16:46,RE: Reorganization
1131,1/17/2014 16:49,Traffic advisory for today
1132,1/17/2014 16:56,RE: 2516-00 openhole logging results
1133,1/17/2014 16:57,RE: Does anyone have ...
1134,1/17/2014 16:57,RE: 2516-00 openhole logging results
1135,1/17/2014 17:04,RE: Favor - water plants please next month
1136,1/17/2014 17:07,RE: Security procedures for January 20 VIP visit
1137,1/17/2014 17:11,RE: Route suggestion for next shift
1138,1/17/2014 17:17,RE: 2516-00 openhole logging results
1139,1/17/2014 17:20,RE: Security procedures for January 20 VIP visit
1140,1/17/2014 17:29,RE: Route suggestion for next shift
1141,1/17/2014 17:32,RE: Route suggestion for next shift
1142,1/17/2014 17:37,RE: Software review report
1143,1/17/2014 17:52,RE: Inspection request for site
1144,1/17/2014 17:55,RE: Does anyone have ...
1145,1/17/2014 18:00,RE: Awwww- cute!
1146,1/17/2014 18:10,RE: Traffic advisory for today
1147,1/17/2014 18:12,RE: Traffic advisory for today
1148,1/17/2014 18:15,RE: Software review report
1149,1/17/2014 18:23,RE: Route suggestion for next shift
1150,1/17/2014 18:23,RE: Training opportunity
1151,1/17/2014 18:23,RE: Security procedures for January 20 VIP visit
1152,1/17/2014 18:27,RE: Does anyone have ...
1153,1/17/2014 18:32,RE: Funny!!
1154,1/17/2014 18:33,RE: Catering?!?
1155,1/17/2014 18:38,RE: Software review report
1156,1/17/2014 18:40,RE: Inspection request for site
1157,1/17/2014 18:42,RE: Traffic advisory for today
1158,1/17/2014 18:48,RE: Does anyone have ...
1159,1/17/2014 19:01,RE: Funny!!
1160,1/17/2014 19:07,RE: Software review report
1161,1/17/2014 19:16,RE: The most creative spam I've seen lately.
1162,1/17/2014 19:27,RE: Inspection request for site
1163,1/17/2014 19:38,RE: Inspection request for site
1164,1/17/2014 19:46,RE: The most creative spam I've seen lately.
1165,1/17/2014 19:47,RE: Training opportunity
1166,1/17/2014 19:56,RE: The most creative spam I've seen lately.
1167,1/17/2014 20:04,RE: Traffic advisory for today
1168,1/17/2014 20:15,RE: Inspection request for site
1169,1/17/2014 20:46,RE: Traffic advisory for today
